{
  "data": {
    "tagged": {
      "tag1": {
        "size_in": {
          "max": 0,
          "total": 0,
          "len": 628,
          "min": 0
        },
        "latency": {
          "max": 0,
          "total": 0,
          "len": 628,
          "min": 0
        },
        "net_code": {
          "count": {
            "0": 628
          }
        },
        "interval_event": {
          "max": 0,
          "total": 0,
          "len": 628,
          "min": 0
        },
        "receive_time": {
          "max": 0,
          "total": 0,
          "len": 628,
          "min": 0
        },
        "connect_time": {
          "max": 0,
          "total": 0,
          "len": 628,
          "min": 0
        },
        "proto_code": {
          "count": {
            "404": 628
          }
        },
        "size_out": {
          "max": 0,
          "total": 0,
          "len": 628,
          "min": 0
        },
        "send_time": {
          "max": 0,
          "total": 0,
          "len": 628,
          "min": 0
        },
        "interval_real": {
          "hist": {
            "data": [
              69,
              269,
              20,
              10,
              12,
              8,
              7,
              7,
              9,
              6,
              31,
              24,
              14,
              13,
              19,
              17,
              9,
              7,
              12,
              39,
              20,
              6
            ],
            "bins": [
              1000,
              2000,
              3000,
              4000,
              5000,
              6000,
              7000,
              8000,
              9000,
              10000,
              20000,
              30000,
              40000,
              50000,
              60000,
              70000,
              80000,
              90000,
              100000,
              150000,
              200000,
              250000
            ]
          },
          "min": 467,
          "max": 230179,
          "len": 628,
          "q": {
            "q": [
              50,
              75,
              80,
              85,
              90,
              95,
              98,
              99,
              100
            ],
            "value": [
              1757.5,
              29244.25,
              51063.8,
              68802.09999999998,
              103100.90000000007,
              137273.84999999992,
              185479.90000000002,
              197883.2100000001,
              230179.0
            ]
          },
          "total": 17118981
        }
      }
    },
    "overall": {
      "size_in": {
        "max": 0,
        "total": 0,
        "len": 628,
        "min": 0
      },
      "latency": {
        "max": 0,
        "total": 0,
        "len": 628,
        "min": 0
      },
      "net_code": {
        "count": {
          "0": 628
        }
      },
      "interval_event": {
        "max": 0,
        "total": 0,
        "len": 628,
        "min": 0
      },
      "receive_time": {
        "max": 0,
        "total": 0,
        "len": 628,
        "min": 0
      },
      "connect_time": {
        "max": 0,
        "total": 0,
        "len": 628,
        "min": 0
      },
      "proto_code": {
        "count": {
          "404": 628
        }
      },
      "size_out": {
        "max": 0,
        "total": 0,
        "len": 628,
        "min": 0
      },
      "send_time": {
        "max": 0,
        "total": 0,
        "len": 628,
        "min": 0
      },
      "interval_real": {
        "hist": {
          "data": [
            69,
            269,
            20,
            10,
            12,
            8,
            7,
            7,
            9,
            6,
            31,
            24,
            14,
            13,
            19,
            17,
            9,
            7,
            12,
            39,
            20,
            6
          ],
          "bins": [
            1000,
            2000,
            3000,
            4000,
            5000,
            6000,
            7000,
            8000,
            9000,
            10000,
            20000,
            30000,
            40000,
            50000,
            60000,
            70000,
            80000,
            90000,
            100000,
            150000,
            200000,
            250000
          ]
        },
        "min": 467,
        "max": 230179,
        "len": 628,
        "q": {
          "q": [
            50,
            75,
            80,
            85,
            90,
            95,
            98,
            99,
            100
          ],
          "value": [
            1757.5,
            29244.25,
            51063.8,
            68802.09999999998,
            103100.90000000007,
            137273.84999999992,
            185479.90000000002,
            197883.2100000001,
            230179.0
          ]
        },
        "total": 17118981
      }
    },
    "ts": 1489520924
  },
  "stats": {
    "metrics": {
      "instances": 0,
      "reqps": 39.0
    },
    "ts": 1489520924
  }
}
